Mach,alpha_deg,delta_deg,Cnd,Cmd
0.3,0.0,0.0,0.0,0.0
0.3,2.0,0.0,0.0,0.0
0.3,4.0,0.0,0.0,0.0
0.3,8.0,0.0,0.0,0.0
0.3,12.0,0.0,0.0,0.0
0.3,16.0,0.0,0.0,0.0
0.3,20.0,0.0,0.0,0.0
0.5,0.0,0.0,0.0,0.0
0.5,2.0,0.0,0.0,0.0
0.5,4.0,0.0,0.0,0.0
0.5,8.0,0.0,0.0,0.0
0.5,12.0,0.0,0.0,0.0
0.5,16.0,0.0,0.0,0.0
0.5,20.0,0.0,0.0,0.0
0.8,0.0,0.0,0.0,0.0
0.8,2.0,0.0,0.0,0.0
0.8,4.0,0.0,0.0,0.0
0.8,8.0,0.0,0.0,0.0
0.8,12.0,0.0,0.0,0.0
0.8,16.0,0.0,0.0,0.0
0.8,20.0,0.0,0.0,0.0
1.2,0.0,0.0,0.0,0.0
1.2,2.0,0.0,0.0,0.0
1.2,4.0,0.0,0.0,0.0
1.2,8.0,0.0,0.0,0.0
1.2,12.0,0.0,0.0,0.0
1.2,16.0,0.0,0.0,0.0
1.2,20.0,0.0,0.0,0.0
2.0,0.0,0.0,0.0,0.0
2.0,2.0,0.0,0.0,0.0
2.0,4.0,0.0,0.0,0.0
2.0,8.0,0.0,0.0,0.0
2.0,12.0,0.0,0.0,0.0
2.0,16.0,0.0,0.0,0.0
2.0,20.0,0.0,0.0,0.0
3.0,0.0,0.0,0.0,0.0
3.0,2.0,0.0,0.0,0.0
3.0,4.0,0.0,0.0,0.0
3.0,8.0,0.0,0.0,0.0
3.0,12.0,0.0,0.0,0.0
3.0,16.0,0.0,0.0,0.0
3.0,20.0,0.0,0.0,0.0
5.0,0.0,0.0,0.0,0.0
5.0,2.0,0.0,0.0,0.0
5.0,4.0,0.0,0.0,0.0
5.0,8.0,0.0,0.0,0.0
5.0,12.0,0.0,0.0,0.0
5.0,16.0,0.0,0.0,0.0
5.0,20.0,0.0,0.0,0.0
7.0,0.0,0.0,0.0,0.0
7.0,2.0,0.0,0.0,0.0
7.0,4.0,0.0,0.0,0.0
7.0,8.0,0.0,0.0,0.0
7.0,12.0,0.0,0.0,0.0
7.0,16.0,0.0,0.0,0.0
7.0,20.0,0.0,0.0,0.0
9.0,0.0,0.0,0.0,0.0
9.0,2.0,0.0,0.0,0.0
9.0,4.0,0.0,0.0,0.0
9.0,8.0,0.0,0.0,0.0
9.0,12.0,0.0,0.0,0.0
9.0,16.0,0.0,0.0,0.0
9.0,20.0,0.0,0.0,0.0
11.0,0.0,0.0,0.0,0.0
11.0,2.0,0.0,0.0,0.0
11.0,4.0,0.0,0.0,0.0
11.0,8.0,0.0,0.0,0.0
11.0,12.0,0.0,0.0,0.0
11.0,16.0,0.0,0.0,0.0
11.0,20.0,0.0,0.0,0.0
13.0,0.0,0.0,0.0,0.0
13.0,2.0,0.0,0.0,0.0
13.0,4.0,0.0,0.0,0.0
13.0,8.0,0.0,0.0,0.0
13.0,12.0,0.0,0.0,0.0
13.0,16.0,0.0,0.0,0.0
13.0,20.0,0.0,0.0,0.0
15.0,0.0,0.0,0.0,0.0
15.0,2.0,0.0,0.0,0.0
15.0,4.0,0.0,0.0,0.0
15.0,8.0,0.0,0.0,0.0
15.0,12.0,0.0,0.0,0.0
15.0,16.0,0.0,0.0,0.0
15.0,20.0,0.0,0.0,0.0
0.3,0.0,2.0,2.291831180523293,-2.807493196141034
0.3,2.0,2.0,2.3204790702798337,-2.864788975654116
0.3,4.0,2.0,2.349126960036374,-2.8934368654106573
0.3,8.0,2.0,2.320479070279833,-2.8361410858975744
0.3,12.0,2.0,1.9194086136882595,-2.377774849792917
0.3,16.0,2.0,1.518338157096686,-1.862112834175174
0.3,20.0,2.0,1.3178029288008946,-1.575633936609762
0.5,0.0,2.0,2.3491269600363753,-2.8934368654106573
0.5,2.0,2.0,2.377774849792916,-2.9220847551671985
0.5,4.0,2.0,2.377774849792915,-2.9507326449237405
0.5,8.0,2.0,2.320479070279836,-2.864788975654117
0.5,12.0,2.0,1.890760723931715,-2.3204790702798346
0.5,16.0,2.0,1.4037465980705213,-1.7475212751490092
0.5,20.0,2.0,1.2318592595312678,-1.4896902673401384
0.8,0.0,2.0,2.4637185190625397,-3.065324203949904
0.8,2.0,2.0,2.492366408819082,-3.122619983462987
0.8,4.0,2.0,2.549662188332164,-3.122619983462986
0.8,8.0,2.0,2.5210142985756243,-3.0939720937064448
0.8,12.0,2.0,2.119943841984048,-2.606957967845245
0.8,16.0,2.0,1.7188733853924711,-2.119943841984048
0.8,20.0,2.0,1.6042818263663063,-1.9480565034448007
1.2,0.0,2.0,2.3491269600363753,-3.093972093706445
1.2,2.0,2.0,2.377774849792917,-3.151267873219527
1.2,4.0,2.0,2.406422739549458,-3.1799157629760684
1.2,8.0,2.0,2.4064227395494595,-3.151267873219527
1.2,12.0,2.0,2.2631832907667504,-2.9793805346802804
1.2,16.0,2.0,2.119943841984048,-2.778845306384495
1.2,20.0,2.0,2.0626480624709655,-2.7215495268714096
2.0,0.0,2.0,1.1172677005051053,-1.461042377583599
2.0,2.0,2.0,1.1745634800181879,-1.5469860468532228
2.0,4.0,2.0,1.174563480018187,-1.5756339366097636
2.0,8.0,2.0,1.231859259531271,-1.6042818263663048
2.0,12.0,2.0,1.2032113697747298,-1.5756339366097636
2.0,16.0,2.0,1.1745634800181854,-1.5756339366097636
2.0,20.0,2.0,1.1459155902616474,-1.5183381570966812
3.0,0.0,2.0,0.716197243913529,-0.9453803619658584
3.0,2.0,2.0,0.7161972439135292,-0.9453803619658584
3.0,4.0,2.0,0.7448451336700701,-0.9740282517223994
3.0,8.0,2.0,0.7734930234266121,-1.0026761414789407
3.0,12.0,2.0,0.8021409131831501,-1.0313240312354814
3.0,16.0,2.0,0.8307888029396913,-1.0886198107485643
3.0,20.0,2.0,0.7161972439135265,-0.9740282517223996
5.0,0.0,2.0,0.40107045659157625,-0.544309905374282
5.0,2.0,2.0,0.4010704565915762,-0.544309905374282
5.0,4.0,2.0,0.458366236104659,-0.5729577951308232
5.0,8.0,2.0,0.4870141258612002,-0.6589014644004467
5.0,12.0,2.0,0.5443099053742794,-0.7448451336700702
5.0,16.0,2.0,0.6016056848873649,-0.8021409131831524
5.0,20.0,2.0,0.6016056848873618,-0.8021409131831524
7.0,0.0,2.0,0.2864788975654116,-0.37242256683503505
7.0,2.0,2.0,0.28647889756541145,-0.4010704565915762
7.0,4.0,2.0,0.34377467707849424,-0.42971834634811745
7.0,8.0,2.0,0.4297183463481178,-0.5729577951308231
7.0,12.0,2.0,0.5156620156177414,-0.6875493541569877
7.0,16.0,2.0,0.5729577951308237,-0.7734930234266114
7.0,20.0,2.0,0.6302535746439061,-0.8307888029396936
9.0,0.0,2.0,0.2291831180523293,-0.2864788975654116
9.0,2.0,2.0,0.2291831180523291,-0.31512678732195276
9.0,4.0,2.0,0.28647889756541184,-0.3724225668350351
9.0,8.0,2.0,0.40107045659157503,-0.5156620156177409
9.0,12.0,2.0,0.4870141258612002,-0.6589014644004465
9.0,16.0,2.0,0.5443099053742826,-0.7448451336700701
9.0,20.0,2.0,0.5443099053742794,-0.7448451336700701
11.0,0.0,2.0,0.17188733853924698,-0.2291831180523293
11.0,2.0,2.0,0.2005352282957879,-0.28647889756541167
11.0,4.0,2.0,0.2578310078088707,-0.34377467707849396
11.0,8.0,2.0,0.4010704565915766,-0.5156620156177409
11.0,12.0,2.0,0.4870141258612002,-0.6016056848873643
11.0,16.0,2.0,0.4870141258612002,-0.6589014644004468
11.0,20.0,2.0,0.6016056848873681,-0.7734930234266112
13.0,0.0,2.0,0.1432394487827058,-0.20053522829578813
13.0,2.0,2.0,0.17188733853924673,-0.2578310078088704
13.0,4.0,2.0,0.2005352282957883,-0.25783100780887047
13.0,8.0,2.0,0.34377467707849424,-0.4297183463481174
13.0,12.0,2.0,0.4010704565915766,-0.5443099053742821
13.0,16.0,2.0,0.4870141258612002,-0.6302535746439057
13.0,20.0,2.0,0.6016056848873618,-0.8021409131831524
15.0,0.0,2.0,0.1432394487827058,-0.20053522829578813
15.0,2.0,2.0,0.14323944878270592,-0.2005352282957881
15.0,4.0,2.0,0.20053522829578752,-0.25783100780887036
15.0,8.0,2.0,0.34377467707849424,-0.4297183463481176
15.0,12.0,2.0,0.4297183463481178,-0.5729577951308233
15.0,16.0,2.0,0.5443099053742826,-0.7161972439135289
15.0,20.0,2.0,0.48701412586120335,-0.6302535746439057
0.3,0.0,4.0,2.291831180523293,-2.8218171410193045
0.3,2.0,4.0,2.320479070279834,-2.879112920532386
0.3,4.0,4.0,2.3348030151581045,-2.8934368654106573
0.3,8.0,4.0,2.1915635663753976,-2.6929016371148693
0.3,12.0,4.0,1.776169164905552,-2.205887511253669
0.3,16.0,4.0,1.360774763435708,-1.6759015507576578
0.3,20.0,4.0,1.0170000863572137,-1.24618320440954
0.5,0.0,4.0,2.3491269600363753,-2.8934368654106573
0.5,2.0,4.0,2.3777748497929165,-2.936408700045469
0.5,4.0,4.0,2.3920987946711865,-2.9364087000454693
0.5,8.0,4.0,2.1772396214971286,-2.6785776922365994
0.5,12.0,4.0,1.7188733853924696,-2.1199438419840453
0.5,16.0,4.0,1.246183204409543,-1.5326621019749518
0.5,20.0,4.0,0.9883521966006693,-1.2175353146529988
0.8,0.0,4.0,2.492366408819081,-3.065324203949904
0.8,2.0,4.0,2.5066903536973513,-3.108296038584716
0.8,4.0,4.0,2.5353382434538934,-3.122619983462986
0.8,8.0,4.0,2.377774849792917,-2.922084755167198
0.8,12.0,4.0,1.9767043932013386,-2.4350706293059994
0.8,16.0,4.0,1.5756339366097651,-1.9337325585665286
0.8,20.0,4.0,1.4323944878270594,-1.7618452200272814
1.2,0.0,4.0,2.3634509049146457,-3.108296038584716
1.2,2.0,4.0,2.3920987946711874,-3.1369439283412572
1.2,4.0,4.0,2.3920987946711874,-3.165591818097798
1.2,8.0,4.0,2.3491269600363758,-3.0796481488281744
1.2,12.0,4.0,2.205887511253668,-2.893436865410657
1.2,16.0,4.0,2.0626480624709655,-2.6929016371148697
1.2,20.0,4.0,2.00535228295788,-2.621281912723515
2.0,0.0,4.0,1.1172677005051053,-1.4896902673401402
2.0,2.0,4.0,1.1745634800181874,-1.5469860468532226
2.0,4.0,4.0,1.1888874248964576,-1.5756339366097636
2.0,8.0,4.0,1.2175353146530004,-1.5899578814880342
2.0,12.0,4.0,1.1888874248964576,-1.561309991731493
2.0,16.0,4.0,1.1602395351399164,-1.5469860468532224
2.0,20.0,4.0,1.1172677005051064,-1.4896902673401402
3.0,0.0,4.0,0.7018732990352585,-0.9310564170875878
3.0,2.0,4.0,0.716197243913529,-0.9597043068441288
3.0,4.0,4.0,0.7448451336700704,-0.9740282517223996
3.0,8.0,4.0,0.7734930234266121,-1.017000086357211
3.0,12.0,4.0,0.8021409131831516,-1.0599719209920229
3.0,16.0,4.0,0.8021409131831532,-1.0599719209920229
3.0,20.0,4.0,0.7305211887917986,-0.9740282517223996
5.0,0.0,4.0,0.40107045659157625,-0.5299859604960114
5.0,2.0,4.0,0.4153944014698468,-0.5586338502525527
5.0,4.0,4.0,0.4583662361046586,-0.5872817400090938
5.0,8.0,4.0,0.5299859604960111,-0.7018732990352585
5.0,12.0,4.0,0.5872817400090927,-0.7734930234266114
5.0,16.0,4.0,0.6159296297656355,-0.816464858061423
5.0,20.0,4.0,0.6302535746439061,-0.8307888029396936
7.0,0.0,4.0,0.2864788975654116,-0.38674651171330565
7.0,2.0,4.0,0.31512678732195265,-0.4153944014698468
7.0,4.0,4.0,0.35809862195676445,-0.4583662361046586
7.0,8.0,4.0,0.458366236104659,-0.6016056848873643
7.0,12.0,4.0,0.5443099053742826,-0.716197243913529
7.0,16.0,4.0,0.6016056848873633,-0.8021409131831525
7.0,20.0,4.0,0.6159296297656339,-0.8307888029396936
9.0,0.0,4.0,0.2291831180523293,-0.3008028424436822
9.0,2.0,4.0,0.25783100780887047,-0.32945073220022336
9.0,4.0,4.0,0.30080284244368244,-0.41539440146984685
9.0,8.0,4.0,0.429718346348117,-0.5729577951308232
9.0,12.0,4.0,0.5156620156177414,-0.7018732990352584
9.0,16.0,4.0,0.6016056848873633,-0.8164648580614231
9.0,20.0,4.0,0.4870141258612002,-0.644577519522176
11.0,0.0,4.0,0.18621128341751753,-0.2435070629305999
11.0,2.0,4.0,0.2291831180523293,-0.3008028424436822
11.0,4.0,4.0,0.28647889756541184,-0.3724225668350351
11.0,8.0,4.0,0.429718346348117,-0.5586338502525526
11.0,12.0,4.0,0.4297183463481178,-0.5586338502525526
11.0,16.0,4.0,0.529985960496012,-0.716197243913529
11.0,20.0,4.0,0.6589014644004473,-0.8594366926962348
13.0,0.0,4.0,0.17188733853924698,-0.2291831180523293
13.0,2.0,4.0,0.18621128341751753,-0.2578310078088704
13.0,4.0,4.0,0.2291831180523295,-0.28647889756541167
13.0,8.0,4.0,0.35809862195676484,-0.4726901809829292
13.0,12.0,4.0,0.4440422912263884,-0.5872817400090938
13.0,16.0,4.0,0.5586338502525532,-0.7305211887917996
13.0,20.0,4.0,0.5729577951308237,-0.7591690785483408
15.0,0.0,4.0,0.1432394487827058,-0.20053522829578813
15.0,2.0,4.0,0.17188733853924693,-0.2291831180523293
15.0,4.0,4.0,0.2291831180523291,-0.30080284244368216
15.0,8.0,4.0,0.35809862195676484,-0.4726901809829292
15.0,12.0,4.0,0.4726901809829296,-0.615929629765635
15.0,16.0,4.0,0.529985960496012,-0.7018732990352583
15.0,20.0,4.0,0.5156620156177414,-0.6732254092787173
0.3,0.0,8.0,2.2989931529624283,-2.836141085897575
0.3,2.0,8.0,2.3133170978406983,-2.8504650307758452
0.3,4.0,8.0,2.2560213183276163,-2.786007278823628
0.3,8.0,8.0,1.912246641249122,-2.3562889324755107
0.3,12.0,8.0,1.446718432705329,-1.7904931097838221
0.3,16.0,8.0,1.052809948552888,-1.296317011483487
0.3,20.0,8.0,0.4082324290307127,-0.49417609830033465
0.5,0.0,8.0,2.3491269600363753,-2.8934368654106573
0.5,2.0,8.0,2.3562889324755103,-2.9005988378497927
0.5,4.0,8.0,2.277507235645022,-2.8074931961410337
0.5,8.0,8.0,1.8692748066143108,-2.3061551254015638
0.5,12.0,8.0,1.3464508185574349,-1.6544156334402522
0.5,16.0,8.0,0.9597043068441298,-1.181725452457323
0.5,20.0,8.0,0.4655282085437935,-0.5801197675699582
0.8,0.0,8.0,2.4852044363799455,-3.0724861763890394
0.8,2.0,8.0,2.4995283812582163,-3.0939720937064457
0.8,4.0,8.0,2.442232601745134,-3.015190396875957
0.8,8.0,8.0,2.0984579246666395,-2.58547205052784
0.8,12.0,8.0,1.6400916885619805,-2.019676227836152
0.8,16.0,8.0,1.3464508185574342,-1.6544156334402527
0.8,20.0,8.0,1.0456479761137518,-1.2891550390443527
1.2,0.0,8.0,2.3634509049146457,-3.1011340661455806
1.2,2.0,8.0,2.3777748497929165,-3.1154580110238514
1.2,4.0,8.0,2.3491269600363758,-3.093972093706445
1.2,8.0,8.0,2.22021145613194,-2.9149227827280635
1.2,12.0,8.0,2.0483241175926934,-2.685739664675734
1.2,16.0,8.0,1.926570586127394,-2.5353382434538934
1.2,20.0,8.0,1.8119790271012293,-2.377774849792916
2.0,0.0,8.0,1.1459155902616465,-1.5183381570966814
2.0,2.0,8.0,1.1817254524573229,-1.5541480192923582
2.0,4.0,8.0,1.188887424896458,-1.5684719641706286
2.0,8.0,8.0,1.181725452457323,-1.5541480192923582
2.0,12.0,8.0,1.1459155902616458,-1.5111761846575464
2.0,16.0,8.0,1.11010572806597,-1.4753663224618698
2.0,20.0,8.0,1.0671338934311585,-1.4109085705096518
3.0,0.0,8.0,0.716197243913529,-0.9453803619658584
3.0,2.0,8.0,0.7305211887917995,-0.9668662792832643
3.0,4.0,8.0,0.7448451336700702,-0.98835219660067
3.0,8.0,8.0,0.7806549958657465,-1.0313240312354819
3.0,12.0,8.0,0.7949789407440171,-1.0456479761137525
3.0,16.0,8.0,0.7663310509874759,-1.009838113918076
3.0,20.0,8.0,0.7520071061092053,-0.9955141690398054
5.0,0.0,8.0,0.41539440146984685,-0.5514718778134173
5.0,2.0,8.0,0.4368803187872527,-0.5872817400090938
5.0,4.0,8.0,0.4798521534220645,-0.6302535746439055
5.0,8.0,8.0,0.565795822691688,-0.7520071061092054
5.0,12.0,8.0,0.6159296297656347,-0.8164648580614231
5.0,16.0,8.0,0.6302535746439053,-0.8307888029396936
5.0,20.0,8.0,0.6445775195221767,-0.8522747202570995
7.0,0.0,8.0,0.30796481488281746,-0.40823242903071155
7.0,2.0,8.0,0.35093664951762926,-0.4655282085437939
7.0,4.0,8.0,0.4010704565915762,-0.5228239880568761
7.0,8.0,8.0,0.5156620156177409,-0.6803873817178526
7.0,12.0,8.0,0.6016056848873641,-0.7949789407440171
7.0,16.0,8.0,0.6302535746439045,-0.8379507753788289
7.0,20.0,8.0,0.62309160220477,-0.8236268305005583
9.0,0.0,8.0,0.2578310078088704,-0.34377467707849396
9.0,2.0,8.0,0.30080284244368216,-0.40107045659157625
9.0,4.0,8.0,0.3580986219567646,-0.4798521534220645
9.0,8.0,8.0,0.49417609830033504,-0.6517394919613114
9.0,12.0,8.0,0.5944437124482288,-0.7878169683048818
9.0,16.0,8.0,0.5586338502525523,-0.7448451336700701
9.0,20.0,8.0,0.5872817400090927,-0.7806549958657466
11.0,0.0,8.0,0.2291831180523293,-0.3008028424436822
11.0,2.0,8.0,0.27931692512627626,-0.3724225668350351
11.0,4.0,8.0,0.3366127046393587,-0.4512042636655233
11.0,8.0,8.0,0.4010704565915762,-0.5299859604960114
11.0,12.0,8.0,0.4512042636655229,-0.5944437124482291
11.0,16.0,8.0,0.5586338502525523,-0.7376831612309348
11.0,20.0,8.0,0.6159296297656355,-0.8093028856222878
13.0,0.0,8.0,0.18621128341751753,-0.25066903536973517
13.0,2.0,8.0,0.2291831180523293,-0.30796481488281746
13.0,4.0,8.0,0.28647889756541167,-0.3724225668350351
13.0,8.0,8.0,0.4225563739089821,-0.5514718778134173
13.0,12.0,8.0,0.5299859604960111,-0.7018732990352585
13.0,16.0,8.0,0.5729577951308229,-0.7591690785483408
13.0,20.0,8.0,0.5872817400090927,-0.7663310509874761
15.0,0.0,8.0,0.17188733853924698,-0.2291831180523293
15.0,2.0,8.0,0.2148591731740587,-0.29364087000454686
15.0,4.0,8.0,0.27931692512627615,-0.37242256683503505
15.0,8.0,8.0,0.4368803187872527,-0.5729577951308232
15.0,12.0,8.0,0.5371479329351464,-0.7090352714743937
15.0,16.0,8.0,0.5586338502525523,-0.7448451336700701
15.0,20.0,8.0,0.5729577951308237,-0.7663310509874761
0.3,0.0,12.0,2.2536339941812376,-2.7788453063844925
0.3,2.0,12.0,2.1820142697898848,-2.6929016371148693
0.3,4.0,12.0,2.048324117592693,-2.5257889468683783
0.3,8.0,12.0,1.5851832331952773,-1.9528311517375556
0.3,12.0,12.0,1.1602395351399168,-1.4323944878270578
0.3,16.0,12.0,0.5825070917163374,-0.7161972439135291
0.3,20.0,12.0,0.13846480048994958,-0.16711269024648973
0.5,0.0,12.0,2.2918311805232925,-2.821817141019304
0.5,2.0,12.0,2.196338214668155,-2.7072255819931397
0.5,4.0,12.0,2.038774821007179,-2.5114650019901084
0.5,8.0,12.0,1.4992395639256542,-1.8477888892969048
0.5,12.0,12.0,1.069521217577537,-1.3130282805081364
0.5,16.0,12.0,0.5920563883018511,-0.7305211887917997
0.5,20.0,12.0,0.3055774907364393,-0.37719721512779175
0.8,0.0,12.0,2.4398452775987556,-3.0128030727295787
0.8,2.0,12.0,2.358676256621889,-2.9173101068744414
0.8,4.0,12.0,2.2297607527174534,-2.7501974166279517
0.8,8.0,12.0,1.7618452200272812,-2.172464973204371
0.8,12.0,12.0,1.3989719497777595,-1.7236480336852262
0.8,16.0,12.0,1.0790705141630503,-1.3273522253864072
0.8,20.0,12.0,0.9215071205020743,-1.1363662936761325
1.2,0.0,12.0,2.3348030151581045,-3.065324203949904
1.2,2.0,12.0,2.3061551254015633,-3.027127017607849
1.2,4.0,12.0,2.248859345888481,-2.9602819415092525
1.2,8.0,12.0,2.0626480624709633,-2.7072255819931392
1.2,12.0,12.0,1.8955353722244734,-2.492366408819081
1.2,16.0,12.0,1.757070571734525,-2.31092977369432
1.2,20.0,12.0,1.666352254172143,-2.191563566375399
2.0,0.0,12.0,1.150690238554403,-1.5183381570966814
2.0,2.0,12.0,1.1650141834326737,-1.5374367502677089
2.0,4.0,12.0,1.1602395351399168,-1.5374367502677087
2.0,8.0,12.0,1.1363662936761332,-1.494464915632897
2.0,12.0,12.0,1.0886198107485638,-1.4371691361198151
2.0,16.0,12.0,1.0504226244065091,-1.3894226531922464
2.0,20.0,12.0,0.997901493186184,-1.3178029288008934
3.0,0.0,12.0,0.7209718922062858,-0.9501550102586152
3.0,2.0,12.0,0.7352958370845566,-0.9740282517223995
3.0,4.0,12.0,0.749619781962827,-0.9979014931861837
3.0,8.0,12.0,0.7782676717193683,-1.0265493829427248
3.0,12.0,12.0,0.7591690785483404,-1.0026761414789405
3.0,16.0,12.0,0.7543944302555835,-0.9979014931861835
3.0,20.0,12.0,0.7400704853773133,-0.9835775483079131
5.0,0.0,12.0,0.4392676429336311,-0.5825070917163369
5.0,2.0,12.0,0.47269018098292914,-0.6254789263511487
5.0,4.0,12.0,0.5156620156177408,-0.6780000575714742
5.0,8.0,12.0,0.5920563883018509,-0.7878169683048818
5.0,12.0,12.0,0.6207042780583912,-0.82123950635418
5.0,16.0,12.0,0.6302535746439055,-0.8355634512324505
5.0,20.0,12.0,0.6445775195221761,-0.8498873961107211
7.0,0.0,12.0,0.3437746770784939,-0.45836623610465854
7.0,2.0,12.0,0.3915211600060625,-0.5204366639104977
7.0,4.0,12.0,0.448816939519145,-0.5920563883018506
7.0,8.0,12.0,0.5681831468380666,-0.7543944302555838
7.0,12.0,12.0,0.6302535746439055,-0.8307888029396936
7.0,16.0,12.0,0.6398028712294187,-0.8451127478179642
7.0,20.0,12.0,0.6541268161076899,-0.8689859892817484
9.0,0.0,12.0,0.30080284244368216,-0.3962958082988194
9.0,2.0,12.0,0.3533239736640076,-0.4679155326901723
9.0,4.0,12.0,0.4201690497626038,-0.5538592019597957
9.0,8.0,12.0,0.5681831468380663,-0.749619781962827
9.0,12.0,12.0,0.57773244342358,-0.7687183751338543
9.0,16.0,12.0,0.6254789263511487,-0.8307888029396936
9.0,20.0,12.0,0.6541268161076899,-0.8689859892817484
11.0,0.0,12.0,0.272154952687141,-0.3628732702495213
11.0,2.0,12.0,0.3437746770784939,-0.4535915878119017
11.0,4.0,12.0,0.35809862195676456,-0.477464829275686
11.0,8.0,12.0,0.45836623610465843,-0.6016056848873643
11.0,12.0,12.0,0.5395352570815252,-0.7114225956207723
11.0,16.0,12.0,0.6016056848873638,-0.7973662648903956
11.0,20.0,12.0,0.6350282229366624,-0.8355634512324505
13.0,0.0,12.0,0.22918311805232927,-0.30557749073643903
13.0,2.0,12.0,0.2817042492726548,-0.37242256683503505
13.0,4.0,12.0,0.34377467707849396,-0.4488169395191448
13.0,8.0,12.0,0.5061127190322271,-0.6636761126932036
13.0,12.0,12.0,0.5825070917163369,-0.7734930234266113
13.0,16.0,12.0,0.6159296297656349,-0.8116902097686662
13.0,20.0,12.0,0.6350282229366624,-0.8403380995252073
15.0,0.0,12.0,0.21963382146681554,-0.29125354585816843
15.0,2.0,12.0,0.27215495268714107,-0.3628732702495213
15.0,4.0,12.0,0.34854932537125066,-0.45836623610465854
15.0,8.0,12.0,0.5013380707394702,-0.6636761126932036
15.0,12.0,12.0,0.5586338502525525,-0.7400704853773132
15.0,16.0,12.0,0.5825070917163369,-0.7734930234266112
15.0,20.0,12.0,0.5920563883018511,-0.7878169683048819
0.3,0.0,16.0,2.1020389108862076,-2.589053036747407
0.3,2.0,16.0,1.9659614345426368,-2.4279086568668635
0.3,4.0,16.0,1.7654262062468489,-2.180820607716696
0.3,8.0,16.0,1.3142219425813253,-1.6186057712445756
0.3,12.0,16.0,0.6517394919613116,-0.8057218994027203
0.3,16.0,16.0,0.2005352282957883,-0.24708804915016733
0.3,20.0,16.0,-0.09668662792832611,0.12175353146530005
0.5,0.0,16.0,2.1127818695449103,-2.603376981625678
0.5,2.0,16.0,1.955218475883934,-2.4100037257690254
0.5,4.0,16.0,1.722454371612037,-2.119943841984046
0.5,8.0,16.0,1.2390212319704055,-1.5290811157553845
0.5,12.0,16.0,0.6660634368395821,-0.8236268305005585
0.5,16.0,16.0,0.3258697459806564,-0.4010704565915762
0.5,20.0,16.0,0.13965846256313788,-0.17546832475881438
0.8,0.0,16.0,2.28108822186459,-2.814655168580169
0.8,2.0,16.0,2.141429759301452,-2.6463488162604896
0.8,4.0,16.0,1.9444755172252315,-2.3956797808907546
0.8,8.0,16.0,1.5326621019749518,-1.8907607239317168
0.8,12.0,16.0,1.1172677005051055,-1.3786796945335433
0.8,16.0,16.0,0.8845035962332087,-1.092200796968132
0.8,20.0,16.0,0.7734930234266112,-0.948961348185426
1.2,0.0,16.0,2.2524403321080486,-2.9578946173628746
1.2,2.0,16.0,2.1987255388145344,-2.8862748929715223
1.2,4.0,16.0,2.1127818695449103,-2.7752643201649247
1.2,8.0,16.0,1.9158276274686898,-2.517433312356055
1.2,12.0,16.0,1.7331973302707402,-2.273926249425455
1.2,16.0,16.0,1.6114437988054409,-2.116362855764478
1.2,20.0,16.0,1.5147571708771141,-1.9874473518600428
2.0,0.0,16.0,1.1351726316029436,-1.5004332259988433
2.0,2.0,16.0,1.138753617822511,-1.5004332259988435
2.0,4.0,16.0,1.1244296729442405,-1.486109281120573
2.0,8.0,16.0,1.0742958658702937,-1.4144895567292197
2.0,12.0,16.0,1.0170000863572113,-1.342869832337867
2.0,16.0,16.0,0.9740282517223996,-1.2891550390443522
2.0,20.0,16.0,0.9238944446484525,-1.221116300872567
3.0,0.0,16.0,0.7233592163526643,-0.9561233206245613
3.0,2.0,16.0,0.7412641474505026,-0.9811902241615347
3.0,4.0,16.0,0.7484261198896378,-0.9919331828202378
3.0,8.0,16.0,0.7305211887917995,-0.9668662792832641
3.0,12.0,16.0,0.7269402025722318,-0.9597043068441288
3.0,16.0,16.0,0.7233592163526642,-0.9561233206245611
3.0,20.0,16.0,0.7197782301330962,-0.9525423344049937
5.0,0.0,16.0,0.46910919476336155,-0.6195106159852025
5.0,2.0,16.0,0.504919056959038,-0.6696444230591496
5.0,4.0,16.0,0.5443099053742821,-0.716197243913529
5.0,8.0,16.0,0.5908627262286614,-0.7842359820853142
5.0,12.0,16.0,0.6159296297656347,-0.8164648580614231
5.0,16.0,16.0,0.6266725884243385,-0.8307888029396936
5.0,20.0,16.0,0.6553204781808792,-0.8665986651353701
7.0,0.0,16.0,0.38674651171330565,-0.5120810293981732
7.0,2.0,16.0,0.43688031878725264,-0.5801197675699585
7.0,4.0,16.0,0.4977570845199027,-0.655320478180879
7.0,8.0,16.0,0.5908627262286614,-0.7842359820853143
7.0,12.0,16.0,0.6195106159852024,-0.8200458442809908
7.0,16.0,16.0,0.6445775195221759,-0.8522747202570995
7.0,20.0,16.0,0.6768063954982844,-0.8952465548919113
9.0,0.0,16.0,0.3473556632980616,-0.46194722232422625
9.0,2.0,16.0,0.4046514428111439,-0.5371479329351468
9.0,4.0,16.0,0.4798521534220645,-0.6374155470830408
9.0,8.0,16.0,0.5228239880568762,-0.6947113265961232
9.0,12.0,16.0,0.5765387813503909,-0.7663310509874759
9.0,16.0,16.0,0.6159296297656347,-0.8164648580614231
9.0,20.0,16.0,0.62309160220477,-0.8236268305005583
11.0,0.0,16.0,0.31512678732195276,-0.4189753876894145
11.0,2.0,16.0,0.3366127046393586,-0.444042291226388
11.0,4.0,16.0,0.39748947037200855,-0.526404974276444
11.0,8.0,16.0,0.5335669467155792,-0.705454285254826
11.0,12.0,16.0,0.5908627262286615,-0.7842359820853144
11.0,16.0,16.0,0.6338345608634733,-0.8415317615983966
11.0,20.0,16.0,0.6624824506200145,-0.877341623794073
13.0,0.0,16.0,0.27573593890670867,-0.3688415806154674
13.0,2.0,16.0,0.33303171841979096,-0.444042291226388
13.0,4.0,16.0,0.41181341525027915,-0.5407289191547145
13.0,8.0,16.0,0.5407289191547145,-0.7126162576939614
13.0,12.0,16.0,0.5872817400090939,-0.7806549958657466
13.0,16.0,16.0,0.6195106159852027,-0.8200458442809908
13.0,20.0,16.0,0.6338345608634733,-0.8379507753788289
15.0,0.0,16.0,0.272154952687141,-0.36167960817633216
15.0,2.0,16.0,0.3437746770784939,-0.4583662361046586
15.0,4.0,16.0,0.41897538768941434,-0.5514718778134173
15.0,8.0,16.0,0.5156620156177409,-0.6839683679374202
15.0,12.0,16.0,0.5693768089112556,-0.7555880923287732
15.0,16.0,16.0,0.5908627262286612,-0.7842359820853143
15.0,20.0,16.0,0.6051866711069321,-0.8021409131831525
0.3,0.0,20.0,1.8764367790534462,-2.311884703352872
0.3,2.0,20.0,1.707414229489853,-2.1056198971057754
0.3,4.0,20.0,1.5183381570966816,-1.8707072011021377
0.3,8.0,20.0,0.8136000690857688,-0.9998113525032867
0.3,12.0,20.0,0.3122619983462989,-0.38674651171330554
0.3,16.0,20.0,0.04010704565915766,-0.05156620156177414
0.3,20.0,20.0,-0.12318592595312679,0.1518338157096683
0.5,0.0,20.0,1.8563832562238674,-2.288966391547639
0.5,2.0,20.0,1.6615776058793872,-2.0511889065683473
0.5,4.0,20.0,1.4639071665592531,-1.8048170546620936
0.5,8.0,20.0,0.8336535919153479,-1.0255944532841736
0.5,12.0,20.0,0.4211239794211548,-0.5185268045933951
0.5,16.0,20.0,0.2263183290766757,-0.2778845306384492
0.5,20.0,20.0,0.13178029288008947,-0.16329297161228445
0.8,0.0,20.0,2.048324117592693,-2.5296086655025847
0.8,2.0,20.0,1.8764367790534462,-2.320479070279834
0.8,4.0,20.0,1.7131438074411613,-2.111349475057084
0.8,8.0,20.0,1.2404536264582324,-1.529797312999298
0.8,12.0,20.0,0.9281916281119338,-1.1459155902616465
0.8,16.0,20.0,0.7763578124022659,-0.9539747288928209
0.8,20.0,20.0,0.6990085100596043,-0.859436692696235
1.2,0.0,20.0,2.137132575837971,-2.8074931961410337
1.2,2.0,20.0,2.0540536955440016,-2.6986312150661775
1.2,4.0,20.0,1.9709748152500322,-2.589769233991321
1.2,8.0,20.0,1.7446564861733567,-2.2889663915476386
1.2,12.0,20.0,1.5699043586584558,-2.0626480624709638
1.2,16.0,20.0,1.4524480106566373,-1.9079494577856417
1.2,20.0,20.0,1.3521803965087429,-1.7761691649055518
2.0,0.0,20.0,1.1029437556268347,-1.455312799632291
2.0,2.0,20.0,1.0943493886998723,-1.4438536437296745
2.0,4.0,20.0,1.0685662879189854,-1.4123409649974792
2.0,8.0,20.0,0.9998113525032868,-1.3178029288008934
2.0,12.0,20.0,0.933921206063242,-1.23185925953127
2.0,16.0,20.0,0.8938141604040845,-1.18315784694515
2.0,20.0,20.0,0.8479775367936185,-1.1201324894807594
3.0,0.0,20.0,0.7247916108404914,-0.959704306844129
3.0,2.0,20.0,0.7190620328891831,-0.9511099399171665
3.0,4.0,20.0,0.7133324549378749,-0.9425155729902043
3.0,8.0,20.0,0.7076028769865667,-0.9339212060632419
3.0,12.0,20.0,0.7047380880109123,-0.9310564170875877
3.0,16.0,20.0,0.7047380880109125,-0.9339212060632419
3.0,20.0,20.0,0.7076028769865664,-0.9367859950388959
5.0,0.0,20.0,0.49560849278816205,-0.6560366754247926
5.0,2.0,20.0,0.5185268045933951,-0.6875493541569878
5.0,4.0,20.0,0.5471746943499362,-0.7219268218648373
5.0,8.0,20.0,0.590146528984748,-0.7849521793292279
5.0,12.0,20.0,0.6102000518143267,-0.810735280110115
5.0,16.0,20.0,0.6359831525952141,-0.8422479588423101
5.0,20.0,20.0,0.6674958313274093,-0.8852197934771219
7.0,0.0,20.0,0.4297183463481174,-0.567228217179515
7.0,2.0,20.0,0.48128454790989145,-0.6388479415708679
7.0,4.0,20.0,0.5271211715203574,-0.6961437210839502
7.0,8.0,20.0,0.5815521620577856,-0.7677634454753032
7.0,12.0,20.0,0.618794418741289,-0.8193296470370773
7.0,16.0,20.0,0.6531718864491385,-0.865166270647543
7.0,20.0,20.0,0.673225409278717,-0.8938141604040842
9.0,0.0,20.0,0.4010704565915763,-0.5299859604960115
9.0,2.0,20.0,0.45836623610465854,-0.6073352628386727
9.0,4.0,20.0,0.469825392007275,-0.6216592077169432
9.0,8.0,20.0,0.5614986392282066,-0.7419803446944161
9.0,12.0,20.0,0.6245239966925973,-0.8307888029396936
9.0,16.0,20.0,0.641712730546522,-0.8508423257692727
9.0,20.0,20.0,0.6589014644004467,-0.8708958485988513
11.0,0.0,20.0,0.3323155211758775,-0.4411775022507339
11.0,2.0,20.0,0.3896113006889598,-0.5156620156177409
11.0,4.0,20.0,0.4583662361046587,-0.6102000518143267
11.0,8.0,20.0,0.5614986392282066,-0.7448451336700702
11.0,12.0,20.0,0.5987408959117102,-0.7935465462561903
11.0,16.0,20.0,0.6359831525952138,-0.8451127478179642
11.0,20.0,20.0,0.6589014644004467,-0.8708958485988513
13.0,0.0,20.0,0.32945073220022336,-0.43831271327507976
13.0,2.0,20.0,0.40680003454288455,-0.5414451163986279
13.0,4.0,20.0,0.4612310250803128,-0.6073352628386727
13.0,8.0,20.0,0.5500394833255902,-0.7247916108404914
13.0,12.0,20.0,0.5958761069360561,-0.7906817572805361
13.0,16.0,20.0,0.6216592077169435,-0.8221944360127315
13.0,20.0,20.0,0.6359831525952138,-0.8393831698666562
15.0,0.0,20.0,0.3380450991271857,-0.44977186917769624
15.0,2.0,20.0,0.3867465117133057,-0.5156620156177409
15.0,4.0,20.0,0.4411775022507339,-0.5815521620577856
15.0,8.0,20.0,0.5328507494716654,-0.7047380880109125
15.0,12.0,20.0,0.5786873730821314,-0.764898656499649
15.0,16.0,20.0,0.5987408959117102,-0.7935465462561903
15.0,20.0,20.0,0.610200051814327,-0.8078704911344609
0.3,0.0,24.0,1.649640985147495,-2.031612848568044
0.3,2.0,24.0,1.4156832188024089,-1.7475212751490106
0.3,4.0,24.0,1.0862324866021857,-1.339288846118299
0.3,8.0,24.0,0.5228239880568761,-0.6421901953757976
0.3,12.0,24.0,0.19576058000303118,-0.2411197387842215
0.3,16.0,24.0,0.009549296585513728,-0.014323944878270592
0.3,20.0,24.0,-0.09788029000151545,0.12175353146530003
0.5,0.0,24.0,1.6138311229518187,-1.9910283380796105
0.5,2.0,24.0,1.394197301485003,-1.7188733853924698
0.5,4.0,24.0,1.1005564314804563,-1.3560001151429484
0.5,8.0,24.0,0.6159296297656349,-0.7591690785483408
0.5,12.0,24.0,0.350936649517629,-0.4321056704944958
0.5,16.0,24.0,0.2148591731740589,-0.2626056561016273
0.5,20.0,24.0,0.1456267729290841,-0.17904931097838214
0.8,0.0,24.0,1.826302971979499,-2.2536339941812376
0.8,2.0,24.0,1.6520283092938735,-2.0411621451535575
0.8,4.0,24.0,1.4371691361198147,-1.771394516612795
0.8,8.0,24.0,1.0623592451384014,-1.3082536322153797
0.8,12.0,24.0,0.8379507753788289,-1.0313240312354819
0.8,16.0,24.0,0.7114225956207723,-0.876147961720884
0.8,20.0,24.0,0.637415547083041,-0.7830423200121251
1.2,0.0,24.0,2.0005776346651243,-2.6284438851626515
1.2,2.0,24.0,1.917021289541879,-2.5162396502828646
1.2,4.0,24.0,1.8072043788084715,-2.3753875256465373
1.2,8.0,24.0,1.587570557341656,-2.084133979788369
1.2,12.0,24.0,1.4228451912415438,-1.8692748066143103
1.2,16.0,24.0,1.3034789839226228,-1.7117114129533344
1.2,20.0,24.0,1.193662073189215,-1.5708592883170067
2.0,0.0,24.0,1.055197272699266,-1.394197301485003
2.0,2.0,24.0,1.0337113553818602,-1.365549411728462
2.0,4.0,24.0,1.0002888173325621,-1.3225775770936503
2.0,8.0,24.0,0.9143451480629387,-1.2079860180674855
2.0,12.0,24.0,0.8475000719643426,-1.1196550246514836
2.0,16.0,24.0,0.8093028856222877,-1.071908541723915
2.0,20.0,24.0,0.7687183751338545,-1.017000086357211
3.0,0.0,24.0,0.6923240024497447,-0.9167324722093171
3.0,2.0,24.0,0.6875493541569879,-0.9119578239165602
3.0,4.0,24.0,0.6875493541569879,-0.9095704997701818
3.0,8.0,24.0,0.6851620300106095,-0.9047958514774249
3.0,12.0,24.0,0.6851620300106095,-0.9071831756238034
3.0,16.0,24.0,0.6875493541569879,-0.9119578239165602
3.0,20.0,24.0,0.689936678303366,-0.9143451480629387
5.0,0.0,24.0,0.5013380707394702,-0.6636761126932036
5.0,2.0,24.0,0.5228239880568761,-0.6923240024497447
5.0,4.0,24.0,0.5466972295206604,-0.7233592163526642
5.0,8.0,24.0,0.5848944158627154,-0.7758803475729897
5.0,12.0,24.0,0.6159296297656347,-0.816464858061423
5.0,16.0,24.0,0.6421901953757977,-0.8498873961107211
5.0,20.0,24.0,0.6708380851323386,-0.8904719065991543
7.0,0.0,24.0,0.460753560251037,-0.6111549814728781
7.0,2.0,24.0,0.4941760983003349,-0.6565141402540683
7.0,4.0,24.0,0.5228239880568762,-0.6899366783033664
7.0,8.0,24.0,0.5872817400090938,-0.7758803475729896
7.0,12.0,24.0,0.6374155470830408,-0.8427254236715858
7.0,16.0,24.0,0.6612887885468249,-0.8737606375745053
7.0,20.0,24.0,0.6708380851323386,-0.8880845824527759
9.0,0.0,24.0,0.4153944014698468,-0.5514718778134173
9.0,2.0,24.0,0.4321056704944958,-0.5729577951308232
9.0,4.0,24.0,0.4917887741539566,-0.6517394919613114
9.0,8.0,24.0,0.594443712448229,-0.7878169683048818
9.0,12.0,24.0,0.6254789263511487,-0.8307888029396937
9.0,16.0,24.0,0.6421901953757975,-0.8522747202570995
9.0,20.0,24.0,0.649352167814933,-0.8594366926962348
11.0,0.0,24.0,0.3843591875669272,-0.5085000431786055
11.0,2.0,24.0,0.4488169395191448,-0.594443712448229
11.0,4.0,24.0,0.49417609830033504,-0.6565141402540683
11.0,8.0,24.0,0.5657958226916878,-0.749619781962827
11.0,12.0,24.0,0.6016056848873643,-0.7973662648903956
11.0,16.0,24.0,0.6302535746439055,-0.8379507753788289
11.0,20.0,24.0,0.649352167814933,-0.8594366926962348
13.0,0.0,24.0,0.38674651171330565,-0.5132746914713624
13.0,2.0,24.0,0.42733102220173896,-0.5681831468380663
13.0,4.0,24.0,0.47269018098292914,-0.6254789263511487
13.0,8.0,24.0,0.5586338502525525,-0.7376831612309348
13.0,12.0,24.0,0.5968310365946075,-0.7925916165976387
13.0,16.0,24.0,0.6183169539120131,-0.8188521822078015
13.0,20.0,24.0,0.6302535746439055,-0.833176127086072
15.0,0.0,24.0,0.36526059439589975,-0.4846268017148213
15.0,2.0,24.0,0.41300707732346836,-0.5466972295206604
15.0,4.0,24.0,0.4607535602510369,-0.6087676573264996
15.0,8.0,24.0,0.5419225812279035,-0.7161972439135291
15.0,12.0,24.0,0.5825070917163369,-0.7711056992802329
15.0,16.0,24.0,0.5992183607409859,-0.7925916165976387
15.0,20.0,24.0,0.6087676573265,-0.8045282373295308
